{"cameraMode":{"drawMode":0,"name":"Shaded","section":"Shading Mode"},"sceneLighting":false,"audioPlay":false,"sceneViewState":{"showFog":true,"showMaterialUpdate":false,"showSkybox":true,"showFlares":true,"showImageEffects":true,"showParticleSystems":true},"in2DMode":false,"pivot":{"x":-14.565113067626954,"y":1.0,"z":0.000003337860107421875},"rotation":{"x":0.056656502187252048,"y":-0.01138545572757721,"z":-0.0006463485769927502,"w":-0.9983286261558533},"size":94.75373840332031,"orthographic":false}