{"cameraMode":{"drawMode":0,"name":"Shaded","section":"Shading Mode"},"sceneLighting":false,"audioPlay":false,"sceneViewState":{"showFog":true,"showMaterialUpdate":false,"showSkybox":true,"showFlares":true,"showImageEffects":true,"showParticleSystems":true},"in2DMode":false,"pivot":{"x":4.5724101066589359,"y":3.7642014026641847,"z":-1.4231300354003907},"rotation":{"x":-0.12421991676092148,"y":-0.06484897434711456,"z":0.008135883137583733,"w":-0.9900999069213867},"size":7.625300407409668,"orthographic":false}