{"cameraMode":{"drawMode":0,"name":"Shaded","section":"Shading Mode"},"sceneLighting":false,"audioPlay":false,"sceneViewState":{"showFog":true,"showMaterialUpdate":false,"showSkybox":true,"showFlares":true,"showImageEffects":true,"showParticleSystems":true},"in2DMode":false,"pivot":{"x":10.024599075317383,"y":-2.5,"z":7.028523921966553},"rotation":{"x":-0.1078014001250267,"y":0.07359447330236435,"z":-0.008002505637705326,"w":-0.9914124608039856},"size":4.3161773681640629,"orthographic":false}