{"cameraMode":{"drawMode":0,"name":"Shaded","section":"Shading Mode"},"sceneLighting":false,"audioPlay":false,"sceneViewState":{"showFog":true,"showMaterialUpdate":false,"showSkybox":true,"showFlares":true,"showImageEffects":true,"showParticleSystems":true},"in2DMode":false,"pivot":{"x":1.016745686531067,"y":1.21377432346344,"z":-8.088141441345215},"rotation":{"x":-0.1078014001250267,"y":0.07359447330236435,"z":-0.008002505637705326,"w":-0.9914124608039856},"size":8.420027732849121,"orthographic":false}